{
    "acc":0.4936507937,
    "recall_macro":0.2598881988,
    "precision_macro":0.2388282743,
    "precision_micro":0.4936507937,
    "f1_macro":0.2260246582,
    "experiment_no":0,
    "recall_micro":0.4936507937,
    "f1_micro":0.4936507937
}