{
    "acc":0.486031746,
    "recall_macro":0.2321768707,
    "precision_macro":0.2556678757,
    "precision_micro":0.486031746,
    "f1_macro":0.2127637023,
    "experiment_no":0,
    "recall_micro":0.486031746,
    "f1_micro":0.486031746
}