{
    "acc":0.4638095238,
    "recall_macro":0.2177136942,
    "precision_macro":0.2036300754,
    "precision_micro":0.4638095238,
    "f1_macro":0.1907748976,
    "experiment_no":0,
    "recall_micro":0.4638095238,
    "f1_micro":0.4638095238
}