{
    "acc":0.4971428571,
    "recall_macro":0.2371310263,
    "precision_macro":0.2545501443,
    "precision_micro":0.4971428571,
    "f1_macro":0.215550425,
    "experiment_no":1,
    "recall_micro":0.4971428571,
    "f1_micro":0.4971428571
}