{
    "acc":0.5244444444,
    "recall_macro":0.2554723455,
    "precision_macro":0.2636645666,
    "precision_micro":0.5244444444,
    "f1_macro":0.2416987792,
    "experiment_no":1,
    "recall_micro":0.5244444444,
    "f1_micro":0.5244444444
}