{
    "acc":0.5228571429,
    "recall_macro":0.2964063886,
    "precision_macro":0.3061703319,
    "precision_micro":0.5228571429,
    "f1_macro":0.2639568156,
    "experiment_no":0,
    "recall_micro":0.5228571429,
    "f1_micro":0.5228571429
}