{
    "acc":0.5279365079,
    "recall_macro":0.3186838214,
    "precision_macro":0.2961887435,
    "precision_micro":0.5279365079,
    "f1_macro":0.287587032,
    "experiment_no":0,
    "recall_micro":0.5279365079,
    "f1_micro":0.5279365079
}