{
    "acc":0.4857142857,
    "recall_macro":0.2320910973,
    "precision_macro":0.2532258826,
    "precision_micro":0.4857142857,
    "f1_macro":0.2149880749,
    "experiment_no":0,
    "recall_micro":0.4857142857,
    "f1_micro":0.4857142857
}