{
    "acc":0.5076190476,
    "recall_macro":0.2631960958,
    "precision_macro":0.2648104838,
    "precision_micro":0.5076190476,
    "f1_macro":0.2452632908,
    "experiment_no":0,
    "recall_micro":0.5076190476,
    "f1_micro":0.5076190476
}