{
    "acc":0.4974603175,
    "recall_macro":0.312975451,
    "precision_macro":0.2675563316,
    "precision_micro":0.4974603175,
    "f1_macro":0.2700185725,
    "experiment_no":0,
    "recall_micro":0.4974603175,
    "f1_micro":0.4974603175
}