{
    "acc":0.5184126984,
    "recall_macro":0.2801236321,
    "precision_macro":0.2568444441,
    "precision_micro":0.5184126984,
    "f1_macro":0.2384762231,
    "experiment_no":0,
    "recall_micro":0.5184126984,
    "f1_micro":0.5184126984
}