{
    "acc":0.4993650794,
    "recall_macro":0.2382638273,
    "precision_macro":0.248568868,
    "precision_micro":0.4993650794,
    "f1_macro":0.2159134943,
    "experiment_no":0,
    "recall_micro":0.4993650794,
    "f1_micro":0.4993650794
}