{
    "acc":0.5206349206,
    "recall_macro":0.3010056196,
    "precision_macro":0.285225552,
    "precision_micro":0.5206349206,
    "f1_macro":0.2765419005,
    "experiment_no":0,
    "recall_micro":0.5206349206,
    "f1_micro":0.5206349206
}