{
    "acc":0.4968253968,
    "recall_macro":0.2371635611,
    "precision_macro":0.2516722105,
    "precision_micro":0.4968253968,
    "f1_macro":0.2153225505,
    "experiment_no":0,
    "recall_micro":0.4968253968,
    "f1_micro":0.4968253968
}