{
    "acc":0.5247619048,
    "recall_macro":0.3116267377,
    "precision_macro":0.2764291664,
    "precision_micro":0.5247619048,
    "f1_macro":0.2741755069,
    "experiment_no":0,
    "recall_micro":0.5247619048,
    "f1_micro":0.5247619048
}