{
    "acc":0.5482539683,
    "recall_macro":0.2609967465,
    "precision_macro":0.2857545774,
    "precision_micro":0.5482539683,
    "f1_macro":0.2310983671,
    "experiment_no":0,
    "recall_micro":0.5482539683,
    "f1_micro":0.5482539683
}