{
    "acc":0.5126984127,
    "recall_macro":0.2721330967,
    "precision_macro":0.2628449906,
    "precision_micro":0.5126984127,
    "f1_macro":0.2493102296,
    "experiment_no":0,
    "recall_micro":0.5126984127,
    "f1_micro":0.5126984127
}