{
    "acc":0.5044444444,
    "recall_macro":0.241884058,
    "precision_macro":0.245597609,
    "precision_micro":0.5044444444,
    "f1_macro":0.2214142061,
    "experiment_no":0,
    "recall_micro":0.5044444444,
    "f1_micro":0.5044444444
}