{
    "acc":0.5352380952,
    "recall_macro":0.3334374445,
    "precision_macro":0.3048521664,
    "precision_micro":0.5352380952,
    "f1_macro":0.2979677205,
    "experiment_no":0,
    "recall_micro":0.5352380952,
    "f1_micro":0.5352380952
}