{
    "acc":0.5212698413,
    "recall_macro":0.3259686483,
    "precision_macro":0.3025546346,
    "precision_micro":0.5212698413,
    "f1_macro":0.2922397426,
    "experiment_no":0,
    "recall_micro":0.5212698413,
    "f1_micro":0.5212698413
}