{
    "acc":0.5171428571,
    "recall_macro":0.3159284235,
    "precision_macro":0.2992933582,
    "precision_micro":0.5171428571,
    "f1_macro":0.2835041874,
    "experiment_no":0,
    "recall_micro":0.5171428571,
    "f1_micro":0.5171428571
}