{
    "acc":0.5044444444,
    "recall_macro":0.2420023662,
    "precision_macro":0.2475526142,
    "precision_micro":0.5044444444,
    "f1_macro":0.2225083947,
    "experiment_no":0,
    "recall_micro":0.5044444444,
    "f1_micro":0.5044444444
}