{
    "acc":0.533968254,
    "recall_macro":0.3281644484,
    "precision_macro":0.2937117037,
    "precision_micro":0.533968254,
    "f1_macro":0.2866769914,
    "experiment_no":0,
    "recall_micro":0.533968254,
    "f1_micro":0.533968254
}