{
    "acc":0.5244444444,
    "recall_macro":0.2958296362,
    "precision_macro":0.269683083,
    "precision_micro":0.5244444444,
    "f1_macro":0.2605658142,
    "experiment_no":0,
    "recall_micro":0.5244444444,
    "f1_micro":0.5244444444
}