{
    "acc":0.5463492063,
    "recall_macro":0.2668707483,
    "precision_macro":0.2719836688,
    "precision_micro":0.5463492063,
    "f1_macro":0.2533727997,
    "experiment_no":0,
    "recall_micro":0.5463492063,
    "f1_micro":0.5463492063
}