{
    "acc":0.5041269841,
    "recall_macro":0.2469387755,
    "precision_macro":0.2562057013,
    "precision_micro":0.5041269841,
    "f1_macro":0.2307643861,
    "experiment_no":1,
    "recall_micro":0.5041269841,
    "f1_micro":0.5041269841
}